<?xml version="1.0" encoding="UTF-8" ?>
<beans xmlns="http://www.springframework.org/schema/beans"
       xmlns:xsi="http://www.w3.org/2001/XMLSchema-instance"
       xmlns:aop="http://www.springframework.org/schema/aop"
       xsi:schemaLocation="http://www.springframework.org/schema/beans
           http://www.springframework.org/schema/beans/spring-beans-4.0.xsd
           http://www.springframework.org/schema/aop
           http://www.springframework.org/schema/aop/spring-aop-4.0.xsd">

    <bean id="userService" class="com.pain.service.impl.UserServiceImpl" />

    <bean id="adviceMethods" class="com.pain.schema.AdviceMethods" />

    <aop:config proxy-target-class="true">
        <!--com..*.Waiter.greetTo(..))-->
        <aop:advisor advice-ref="beforeAdvice" pointcut="execution(* com.pain.service..update(..))" />

        <aop:aspect ref="adviceMethods">
            <aop:before method="before"
                        pointcut="target(com.pain.service.impl.UserServiceImpl) and args(userId)"
                        arg-names="userId" />
            <aop:after-returning method="afterReturning"
                                 pointcut="target(com.pain.service.impl.UserServiceImpl)"
                                 returning="retVal" />
            <aop:around method="around"
                        pointcut="execution(* update(..)) and within(com.pain.service.impl.UserServiceImpl)" />
        </aop:aspect>
    </aop:config>

    <bean id="beforeAdvice" class="com.pain.advice.BeforeAdvice" />

</beans>